https://kiwissec.com/security-and-us-life-work-traps/,https://kiwissec.com/courses/aw-01/,301
https://kiwissec.com/security-and-us-social-engineering/,https://kiwissec.com/courses/aw-02/,301
https://kiwissec.com/distance-between-information-security-and-us-identification-and-protection-of-external-attacks/,https://kiwissec.com/courses/aw-05/,301
https://kiwissec.com/distance-between-information-security-and-us-management-and-inventory-of-internal-behaviors/,https://kiwissec.com/courses/aw-06/,301
https://kiwissec.com/ai-era-enhanced-scams/,https://kiwissec.com/courses/aw-08/,301
https://kiwissec.com/ai-era-workplace-privacy/,https://kiwissec.com/courses/aw-09/,301
https://kiwissec.com/ai-era-chatbot-pitfalls/,https://kiwissec.com/courses/aw-10/,301
https://kiwissec.com/%e8%b3%87%e5%ae%89%e6%84%8f%e8%ad%98%e8%aa%b2%e7%a8%8b-004-%e7%89%a9%e8%81%af%e7%b6%b2%e6%99%82%e4%bb%a3%e4%be%86%e8%87%a8%ef%bc%8c%e4%bd%a0%e7%9a%84%e6%99%ba%e6%85%a7%e8%a8%ad%e5%82%99%e5%ae%89/,https://kiwissec.com/courses/aw-11/,301
https://kiwissec.com/cyber-resilience-and-governance-training/,https://kiwissec.com/courses/aw-12/,301
https://kiwissec.com/executive-security-risk-threats-decision-making/,https://kiwissec.com/courses/aw-13/,301
https://kiwissec.com/information-security-incident-notification-process-and-response/,https://kiwissec.com/courses/def-02/,301
https://kiwissec.com/oss-security-and-devsecops-automation-practices/,https://kiwissec.com/courses/def-03/,301
https://kiwissec.com/systematic-learning-penetration-testing-fundamental-penetration-testing-course/,https://kiwissec.com/courses/off-01/,301
https://kiwissec.com/systematic-learning-penetration-testing-intermediate-penetration-testing-course/,https://kiwissec.com/courses/off-02/,301
https://kiwissec.com/web-penetration-testing-beginner-training-course/,https://kiwissec.com/courses/off-04/,301
https://kiwissec.com/enhancing-red-teaming-through-scenario-exercises/,https://kiwissec.com/courses/off-07/,301
https://kiwissec.com/information-security-and-ai-from-ai-security-to-security-of-ai/,https://kiwissec.com/courses/off-08/,301
https://kiwissec.com/iot-practical-practice-taking-iotgoat-as-an-example/,https://kiwissec.com/courses/off-09/,301
https://kiwissec.com/secops-and-network-security-training/,https://kiwissec.com/courses/def-01/,301
https://kiwissec.com/security-operations-network-defense-training/,https://kiwissec.com/courses/def-01/,301
https://kiwissec.com/web-penetration-testing-advanced-training-course/,https://kiwissec.com/courses/,301
https://kiwissec.com/ai-security-threats-awareness/,https://kiwissec.com/courses/,301
https://kiwissec.com/introduction-to-ot-security/,https://kiwissec.com/courses/,301
https://kiwissec.com/blue-team-exercises-and-introduction-to-government-configuration-baseline-gcb/,https://kiwissec.com/courses/,301
https://kiwissec.com/iso-27001-training-course/,https://kiwissec.com/courses/,301
https://kiwissec.com/digital-forensic-and-case-study-course/,https://kiwissec.com/courses/,301
https://kiwissec.com/category/enterprise-cybersecurity/,https://kiwissec.com/courses/,301
https://kiwissec.com/category/enterprise-cybersecurity/cybersecurity-awareness/,https://kiwissec.com/courses/,301
https://kiwissec.com/category/enterprise-cybersecurity/cybersecurity-practical/,https://kiwissec.com/courses/,301
https://kiwissec.com/category/enterprise-cybersecurity/cybersecurity-management/,https://kiwissec.com/courses/,301
https://kiwissec.com/category/enterprise-cybersecurity/cybersecurity-emerging-issues/,https://kiwissec.com/courses/,301
https://kiwissec.com/social-engineering-testing/,https://kiwissec.com/services/,301
https://kiwissec.com/privacy-policy/,https://kiwissec.com/policy/,301
https://kiwissec.com/privacy-policy,https://kiwissec.com/policy/,301
